<BackupInst xmlns="http://www.microsoft.com/GroupPolicy/GPOOperations/Manifest"><GPOGuid><![CDATA[{53991BF2-7983-4ABE-B672-8DEF5CD63DB1}]]></GPOGuid><GPODomain><![CDATA[test.local]]></GPODomain><GPODomainGuid><![CDATA[{d93efd2f-6126-46c1-ad0f-682a364323d5}]]></GPODomainGuid><GPODomainController><![CDATA[WIN-V8GVL8VF9SO.test.local]]></GPODomainController><BackupTime><![CDATA[2022-02-27T22:16:54]]></BackupTime><ID><![CDATA[{5648F51F-FEC6-4420-9EA0-2B0DF65E6F0E}]]></ID><Comment><![CDATA[Windows Firewall Service GPO]]></Comment><GPODisplayName><![CDATA[W-Firewall]]></GPODisplayName></BackupInst>
