<?xml version="1.0" encoding="utf-8"?><!-- Copyright (c) Microsoft Corporation.  All rights reserved. --><GroupPolicyBackupScheme bkp:version="2.0" bkp:type="GroupPolicyBackupTemplate" xmlns:bkp="http://www.microsoft.com/GroupPolicy/GPOOperations" xmlns="http://www.microsoft.com/GroupPolicy/GPOOperations">
    <GroupPolicyObject><SecurityGroups><Group bkp:Source="FromDACL"><Sid><![CDATA[S-1-5-21-1360087221-4230511995-2700084247-519]]></Sid><SamAccountName><![CDATA[Enterprise Admins]]></SamAccountName><Type><![CDATA[UniversalGroup]]></Type><NetBIOSDomainName><![CDATA[TOKYO-3]]></NetBIOSDomainName><DnsDomainName><![CDATA[tokyo-3.nerv.local]]></DnsDomainName><UPN><![CDATA[Enterprise Admins@tokyo-3.nerv.local]]></UPN></Group><Group bkp:Source="FromDACL"><Sid><![CDATA[S-1-5-21-1360087221-4230511995-2700084247-512]]></Sid><SamAccountName><![CDATA[Domain Admins]]></SamAccountName><Type><![CDATA[GlobalGroup]]></Type><NetBIOSDomainName><![CDATA[TOKYO-3]]></NetBIOSDomainName><DnsDomainName><![CDATA[tokyo-3.nerv.local]]></DnsDomainName><UPN><![CDATA[Domain Admins@tokyo-3.nerv.local]]></UPN></Group></SecurityGroups><FilePaths/><GroupPolicyCoreSettings><ID><![CDATA[{ECED699A-41C1-48A8-B0A5-9FD35A050A43}]]></ID><Domain><![CDATA[tokyo-3.nerv.local]]></Domain><SecurityDescriptor>01 00 04 9c 00 00 00 00 00 00 00 00 00 00 00 00 14 00 00 00 04 00 ec 00 08 00 00 00 05 02 28 00 00 01 00 00 01 00 00 00 8f fd ac ed b3 ff d1 11 b4 1d 00 a0 c9 68 f9 39 01 01 00 00 00 00 00 05 0b 00 00 00 00 00 24 00 ff 00 0f 00 01 05 00 00 00 00 00 05 15 00 00 00 b5 48 11 51 7b 7d 28 fc 17 04 f0 a0 00 02 00 00 00 02 24 00 ff 00 0f 00 01 05 00 00 00 00 00 05 15 00 00 00 b5 48 11 51 7b 7d 28 fc 17 04 f0 a0 00 02 00 00 00 02 24 00 ff 00 0f 00 01 05 00 00 00 00 00 05 15 00 00 00 b5 48 11 51 7b 7d 28 fc 17 04 f0 a0 07 02 00 00 00 02 14 00 94 00 02 00 01 01 00 00 00 00 00 05 09 00 00 00 00 02 14 00 94 00 02 00 01 01 00 00 00 00 00 05 0b 00 00 00 00 02 14 00 ff 00 0f 00 01 01 00 00 00 00 00 05 12 00 00 00 00 0a 14 00 ff 00 0f 00 01 01 00 00 00 00 00 03 00 00 00 00</SecurityDescriptor><DisplayName><![CDATA[cool gpo]]></DisplayName><Options><![CDATA[0]]></Options><UserVersionNumber><![CDATA[65537]]></UserVersionNumber><MachineVersionNumber><![CDATA[5308497]]></MachineVersionNumber><MachineExtensionGuids><![CDATA[[{827D319E-6EAC-11D2-A4EA-00C04F79F83A}{803E14A0-B4FB-11D0-A0D0-00A0C90F574B}][{F3CCC681-B74C-4060-9F26-CD84525DCA2A}{0F3F3735-573D-9804-99E4-AB2A69BA5FD4}]]]></MachineExtensionGuids><UserExtensionGuids/><WMIFilter/></GroupPolicyCoreSettings> 
        <GroupPolicyExtension bkp:ID="{35378EAC-683F-11D2-A89A-00C04FBBCFA2}" bkp:DescName="Registry">
            
            
            <FSObjectFile bkp:Path="%GPO_FSPATH%\Adm\*.*" bkp:SourceExpandedPath="\\Melchior-01.tokyo-3.nerv.local\sysvol\tokyo-3.nerv.local\Policies\{ECED699A-41C1-48A8-B0A5-9FD35A050A43}\Adm\*.*"/>
        </GroupPolicyExtension>
        
        
        
        
        <GroupPolicyExtension bkp:ID="{827D319E-6EAC-11D2-A4EA-00C04F79F83A}" bkp:DescName="Security">
            <FSObjectFile bkp:Path="%GPO_MACH_FSPATH%\microsoft\windows nt\SecEdit\GptTmpl.inf" bkp:SourceExpandedPath="\\Melchior-01.tokyo-3.nerv.local\sysvol\tokyo-3.nerv.local\Policies\{ECED699A-41C1-48A8-B0A5-9FD35A050A43}\Machine\microsoft\windows nt\SecEdit\GptTmpl.inf" bkp:ReEvaluateFunction="SecurityValidateSettings" bkp:Location="DomainSysvol\GPO\Machine\microsoft\windows nt\SecEdit\GptTmpl.inf"/>
        </GroupPolicyExtension>
        
        
        
        
    <GroupPolicyExtension bkp:ID="{F15C46CD-82A0-4C2D-A210-5D0D3182A418}" bkp:DescName="Unknown Extension"><FSObjectDir bkp:Path="%GPO_MACH_FSPATH%\Applications" bkp:SourceExpandedPath="\\Melchior-01.tokyo-3.nerv.local\sysvol\tokyo-3.nerv.local\Policies\{ECED699A-41C1-48A8-B0A5-9FD35A050A43}\Machine\Applications" bkp:Location="DomainSysvol\GPO\Machine\Applications"/><FSObjectDir bkp:Path="%GPO_MACH_FSPATH%\microsoft" bkp:SourceExpandedPath="\\Melchior-01.tokyo-3.nerv.local\sysvol\tokyo-3.nerv.local\Policies\{ECED699A-41C1-48A8-B0A5-9FD35A050A43}\Machine\microsoft" bkp:Location="DomainSysvol\GPO\Machine\microsoft"/><FSObjectDir bkp:Path="%GPO_MACH_FSPATH%\microsoft\windows nt" bkp:SourceExpandedPath="\\Melchior-01.tokyo-3.nerv.local\sysvol\tokyo-3.nerv.local\Policies\{ECED699A-41C1-48A8-B0A5-9FD35A050A43}\Machine\microsoft\windows nt" bkp:Location="DomainSysvol\GPO\Machine\microsoft\windows nt"/><FSObjectDir bkp:Path="%GPO_MACH_FSPATH%\microsoft\windows nt\Audit" bkp:SourceExpandedPath="\\Melchior-01.tokyo-3.nerv.local\sysvol\tokyo-3.nerv.local\Policies\{ECED699A-41C1-48A8-B0A5-9FD35A050A43}\Machine\microsoft\windows nt\Audit" bkp:Location="DomainSysvol\GPO\Machine\microsoft\windows nt\Audit"/><FSObjectFile bkp:Path="%GPO_MACH_FSPATH%\microsoft\windows nt\Audit\audit.csv" bkp:SourceExpandedPath="\\Melchior-01.tokyo-3.nerv.local\sysvol\tokyo-3.nerv.local\Policies\{ECED699A-41C1-48A8-B0A5-9FD35A050A43}\Machine\microsoft\windows nt\Audit\audit.csv" bkp:Location="DomainSysvol\GPO\Machine\microsoft\windows nt\Audit\audit.csv"/><FSObjectDir bkp:Path="%GPO_MACH_FSPATH%\microsoft\windows nt\SecEdit" bkp:SourceExpandedPath="\\Melchior-01.tokyo-3.nerv.local\sysvol\tokyo-3.nerv.local\Policies\{ECED699A-41C1-48A8-B0A5-9FD35A050A43}\Machine\microsoft\windows nt\SecEdit" bkp:Location="DomainSysvol\GPO\Machine\microsoft\windows nt\SecEdit"/><FSObjectDir bkp:Path="%GPO_MACH_FSPATH%\Scripts" bkp:SourceExpandedPath="\\Melchior-01.tokyo-3.nerv.local\sysvol\tokyo-3.nerv.local\Policies\{ECED699A-41C1-48A8-B0A5-9FD35A050A43}\Machine\Scripts" bkp:Location="DomainSysvol\GPO\Machine\Scripts"/><FSObjectDir bkp:Path="%GPO_MACH_FSPATH%\Scripts\Shutdown" bkp:SourceExpandedPath="\\Melchior-01.tokyo-3.nerv.local\sysvol\tokyo-3.nerv.local\Policies\{ECED699A-41C1-48A8-B0A5-9FD35A050A43}\Machine\Scripts\Shutdown" bkp:Location="DomainSysvol\GPO\Machine\Scripts\Shutdown"/><FSObjectDir bkp:Path="%GPO_MACH_FSPATH%\Scripts\Startup" bkp:SourceExpandedPath="\\Melchior-01.tokyo-3.nerv.local\sysvol\tokyo-3.nerv.local\Policies\{ECED699A-41C1-48A8-B0A5-9FD35A050A43}\Machine\Scripts\Startup" bkp:Location="DomainSysvol\GPO\Machine\Scripts\Startup"/></GroupPolicyExtension></GroupPolicyObject>
</GroupPolicyBackupScheme>