<BackupInst xmlns="http://www.microsoft.com/GroupPolicy/GPOOperations/Manifest"><GPOGuid><![CDATA[{ECED699A-41C1-48A8-B0A5-9FD35A050A43}]]></GPOGuid><GPODomain><![CDATA[tokyo-3.nerv.local]]></GPODomain><GPODomainGuid><![CDATA[{d9634ff0-55b6-4c72-a354-3b15573f1988}]]></GPODomainGuid><GPODomainController><![CDATA[Melchior-01.tokyo-3.nerv.local]]></GPODomainController><BackupTime><![CDATA[2023-03-10T18:10:09]]></BackupTime><ID><![CDATA[{488E6884-4021-452C-804C-5360815BF5B2}]]></ID><Comment><![CDATA[Main conflip]]></Comment><GPODisplayName><![CDATA[cool gpo]]></GPODisplayName></BackupInst>
