<BackupInst xmlns="http://www.microsoft.com/GroupPolicy/GPOOperations/Manifest"><GPOGuid><![CDATA[{EE75CFB6-48B0-498F-A55E-C78F41D3598B}]]></GPOGuid><GPODomain><![CDATA[test.local]]></GPODomain><GPODomainGuid><![CDATA[{d93efd2f-6126-46c1-ad0f-682a364323d5}]]></GPODomainGuid><GPODomainController><![CDATA[WIN-V8GVL8VF9SO.test.local]]></GPODomainController><BackupTime><![CDATA[2022-02-27T22:18:40]]></BackupTime><ID><![CDATA[{31C1486F-8944-41A9-870D-6F1FCA88B2CA}]]></ID><Comment><![CDATA[Windows Eventlog Service GPO]]></Comment><GPODisplayName><![CDATA[W-Eventlog]]></GPODisplayName></BackupInst>
