<?xml version="1.0" encoding="utf-8"?><!-- Copyright (c) Microsoft Corporation.  All rights reserved. --><GroupPolicyBackupScheme bkp:version="2.0" bkp:type="GroupPolicyBackupTemplate" xmlns:bkp="http://www.microsoft.com/GroupPolicy/GPOOperations" xmlns="http://www.microsoft.com/GroupPolicy/GPOOperations">
    <GroupPolicyObject><SecurityGroups><Group bkp:Source="FromDACL"><Sid><![CDATA[S-1-5-21-305434209-406293519-3473300739-519]]></Sid><SamAccountName><![CDATA[Enterprise Admins]]></SamAccountName><Type><![CDATA[UniversalGroup]]></Type><NetBIOSDomainName><![CDATA[TEST]]></NetBIOSDomainName><DnsDomainName><![CDATA[test.local]]></DnsDomainName><UPN><![CDATA[Enterprise Admins@test.local]]></UPN></Group><Group bkp:Source="FromDACL"><Sid><![CDATA[S-1-5-21-305434209-406293519-3473300739-512]]></Sid><SamAccountName><![CDATA[Domain Admins]]></SamAccountName><Type><![CDATA[GlobalGroup]]></Type><NetBIOSDomainName><![CDATA[TEST]]></NetBIOSDomainName><DnsDomainName><![CDATA[test.local]]></DnsDomainName><UPN><![CDATA[Domain Admins@test.local]]></UPN></Group></SecurityGroups><FilePaths/><GroupPolicyCoreSettings><ID><![CDATA[{3B9BDF6E-9A6B-4E0C-ABF2-4DB85A5FA3BF}]]></ID><Domain><![CDATA[test.local]]></Domain><SecurityDescriptor>01 00 04 9c 00 00 00 00 00 00 00 00 00 00 00 00 14 00 00 00 04 00 ec 00 08 00 00 00 05 02 28 00 00 01 00 00 01 00 00 00 8f fd ac ed b3 ff d1 11 b4 1d 00 a0 c9 68 f9 39 01 01 00 00 00 00 00 05 0b 00 00 00 00 00 24 00 ff 00 0f 00 01 05 00 00 00 00 00 05 15 00 00 00 61 8e 34 12 0f 8c 37 18 03 5d 06 cf 00 02 00 00 00 02 24 00 ff 00 0f 00 01 05 00 00 00 00 00 05 15 00 00 00 61 8e 34 12 0f 8c 37 18 03 5d 06 cf 00 02 00 00 00 02 24 00 ff 00 0f 00 01 05 00 00 00 00 00 05 15 00 00 00 61 8e 34 12 0f 8c 37 18 03 5d 06 cf 07 02 00 00 00 02 14 00 94 00 02 00 01 01 00 00 00 00 00 05 09 00 00 00 00 02 14 00 94 00 02 00 01 01 00 00 00 00 00 05 0b 00 00 00 00 02 14 00 ff 00 0f 00 01 01 00 00 00 00 00 05 12 00 00 00 00 0a 14 00 ff 00 0f 00 01 01 00 00 00 00 00 03 00 00 00 00</SecurityDescriptor><DisplayName><![CDATA[W-AD-DNS]]></DisplayName><Options><![CDATA[0]]></Options><UserVersionNumber><![CDATA[0]]></UserVersionNumber><MachineVersionNumber><![CDATA[6160478]]></MachineVersionNumber><MachineExtensionGuids><![CDATA[[{00000000-0000-0000-0000-000000000000}{CC5746A9-9B74-4BE5-AE2E-64379C86E0E4}][{91FBB303-0CD5-4055-BF42-E512A681B325}{CC5746A9-9B74-4BE5-AE2E-64379C86E0E4}]]]></MachineExtensionGuids><UserExtensionGuids/><WMIFilter/></GroupPolicyCoreSettings> 
        <GroupPolicyExtension bkp:ID="{35378EAC-683F-11D2-A89A-00C04FBBCFA2}" bkp:DescName="Registry">
            
            
            <FSObjectFile bkp:Path="%GPO_FSPATH%\Adm\*.*" bkp:SourceExpandedPath="\\WIN-V8GVL8VF9SO.test.local\sysvol\test.local\Policies\{3B9BDF6E-9A6B-4E0C-ABF2-4DB85A5FA3BF}\Adm\*.*"/>
        </GroupPolicyExtension>
        
        
        
        
        
        
        
        
        
    <GroupPolicyExtension bkp:ID="{F15C46CD-82A0-4C2D-A210-5D0D3182A418}" bkp:DescName="Unknown Extension"><FSObjectDir bkp:Path="%GPO_MACH_FSPATH%\Applications" bkp:SourceExpandedPath="\\WIN-V8GVL8VF9SO.test.local\sysvol\test.local\Policies\{3B9BDF6E-9A6B-4E0C-ABF2-4DB85A5FA3BF}\Machine\Applications" bkp:Location="DomainSysvol\GPO\Machine\Applications"/><FSObjectDir bkp:Path="%GPO_MACH_FSPATH%\Preferences" bkp:SourceExpandedPath="\\WIN-V8GVL8VF9SO.test.local\sysvol\test.local\Policies\{3B9BDF6E-9A6B-4E0C-ABF2-4DB85A5FA3BF}\Machine\Preferences" bkp:Location="DomainSysvol\GPO\Machine\Preferences"/><FSObjectDir bkp:Path="%GPO_MACH_FSPATH%\Preferences\Services" bkp:SourceExpandedPath="\\WIN-V8GVL8VF9SO.test.local\sysvol\test.local\Policies\{3B9BDF6E-9A6B-4E0C-ABF2-4DB85A5FA3BF}\Machine\Preferences\Services" bkp:Location="DomainSysvol\GPO\Machine\Preferences\Services"/><FSObjectFile bkp:Path="%GPO_MACH_FSPATH%\Preferences\Services\Services.xml" bkp:SourceExpandedPath="\\WIN-V8GVL8VF9SO.test.local\sysvol\test.local\Policies\{3B9BDF6E-9A6B-4E0C-ABF2-4DB85A5FA3BF}\Machine\Preferences\Services\Services.xml" bkp:Location="DomainSysvol\GPO\Machine\Preferences\Services\Services.xml"/><FSObjectDir bkp:Path="%GPO_MACH_FSPATH%\Scripts" bkp:SourceExpandedPath="\\WIN-V8GVL8VF9SO.test.local\sysvol\test.local\Policies\{3B9BDF6E-9A6B-4E0C-ABF2-4DB85A5FA3BF}\Machine\Scripts" bkp:Location="DomainSysvol\GPO\Machine\Scripts"/><FSObjectDir bkp:Path="%GPO_MACH_FSPATH%\Scripts\Shutdown" bkp:SourceExpandedPath="\\WIN-V8GVL8VF9SO.test.local\sysvol\test.local\Policies\{3B9BDF6E-9A6B-4E0C-ABF2-4DB85A5FA3BF}\Machine\Scripts\Shutdown" bkp:Location="DomainSysvol\GPO\Machine\Scripts\Shutdown"/><FSObjectDir bkp:Path="%GPO_MACH_FSPATH%\Scripts\Startup" bkp:SourceExpandedPath="\\WIN-V8GVL8VF9SO.test.local\sysvol\test.local\Policies\{3B9BDF6E-9A6B-4E0C-ABF2-4DB85A5FA3BF}\Machine\Scripts\Startup" bkp:Location="DomainSysvol\GPO\Machine\Scripts\Startup"/></GroupPolicyExtension></GroupPolicyObject>
</GroupPolicyBackupScheme>