<BackupInst xmlns="http://www.microsoft.com/GroupPolicy/GPOOperations/Manifest"><GPOGuid><![CDATA[{3B9BDF6E-9A6B-4E0C-ABF2-4DB85A5FA3BF}]]></GPOGuid><GPODomain><![CDATA[test.local]]></GPODomain><GPODomainGuid><![CDATA[{d93efd2f-6126-46c1-ad0f-682a364323d5}]]></GPODomainGuid><GPODomainController><![CDATA[WIN-V8GVL8VF9SO.test.local]]></GPODomainController><BackupTime><![CDATA[2022-02-27T21:57:16]]></BackupTime><ID><![CDATA[{C73EFFC5-3CC2-4E9E-9829-81CA3F9E5420}]]></ID><Comment><![CDATA[AD DNS Services GPO]]></Comment><GPODisplayName><![CDATA[W-AD-DNS]]></GPODisplayName></BackupInst>
