<BackupInst xmlns="http://www.microsoft.com/GroupPolicy/GPOOperations/Manifest"><GPOGuid><![CDATA[{F403EDF0-78A8-4A8D-9FFC-8A0D65F9A35E}]]></GPOGuid><GPODomain><![CDATA[test.local]]></GPODomain><GPODomainGuid><![CDATA[{d93efd2f-6126-46c1-ad0f-682a364323d5}]]></GPODomainGuid><GPODomainController><![CDATA[WIN-V8GVL8VF9SO.test.local]]></GPODomainController><BackupTime><![CDATA[2022-02-27T19:50:37]]></BackupTime><ID><![CDATA[{101C18E4-CA12-495E-94C4-7012449750B2}]]></ID><Comment><![CDATA[General Security Settings]]></Comment><GPODisplayName><![CDATA[W-Security-Settings]]></GPODisplayName></BackupInst>
