<BackupInst xmlns="http://www.microsoft.com/GroupPolicy/GPOOperations/Manifest"><GPOGuid><![CDATA[{8F20AB6A-5AB5-4D4E-9B42-A260C6E371C3}]]></GPOGuid><GPODomain><![CDATA[test.local]]></GPODomain><GPODomainGuid><![CDATA[{d93efd2f-6126-46c1-ad0f-682a364323d5}]]></GPODomainGuid><GPODomainController><![CDATA[WIN-V8GVL8VF9SO.test.local]]></GPODomainController><BackupTime><![CDATA[2022-02-27T21:46:52]]></BackupTime><ID><![CDATA[{71656D31-BAAA-4FAF-814A-A1E03B17C438}]]></ID><Comment><![CDATA[Windows GPO Refresh Intervals]]></Comment><GPODisplayName><![CDATA[W-GPO-Refresh]]></GPODisplayName></BackupInst>
