<?xml version="1.0" encoding="utf-8"?>
<NTServices clsid="{2CFB484A-4E96-4b5d-A0B6-093D2F91E6AE}"><NTService clsid="{AB6F0B67-341F-4e51-92F9-005FBFBA1A43}" name="NTDS" image="2" changed="2022-02-27 21:51:41" uid="{6E064D84-B6C3-40B2-8C48-4E9463EF0718}" userContext="0" removePolicy="0"><Properties startupType="AUTOMATIC" serviceName="NTDS" serviceAction="START" timeout="30" firstFailure="RESTART" secondFailure="RESTART" resetFailCountDelay="0" restartServiceDelay="60000"/></NTService>
	<NTService clsid="{AB6F0B67-341F-4e51-92F9-005FBFBA1A43}" name="DFSR" image="2" changed="2022-02-27 21:51:56" uid="{6D9D2454-7E08-456B-8B24-23608A01214C}" userContext="0" removePolicy="0"><Properties firstFailure="RESTART" secondFailure="RESTART" resetFailCountDelay="0" restartServiceDelay="60000" startupType="AUTOMATIC" serviceName="DFSR" serviceAction="START" timeout="30"/></NTService>
	<NTService clsid="{AB6F0B67-341F-4e51-92F9-005FBFBA1A43}" name="Dnscache" image="2" changed="2022-02-27 21:52:09" uid="{F8615041-4927-46E4-9148-42A0BE6352D1}" userContext="0" removePolicy="0"><Properties firstFailure="RESTART" secondFailure="RESTART" resetFailCountDelay="0" restartServiceDelay="60000" startupType="AUTOMATIC" serviceName="Dnscache" serviceAction="START" timeout="30"/></NTService>
	<NTService clsid="{AB6F0B67-341F-4e51-92F9-005FBFBA1A43}" name="DNS" image="2" changed="2022-02-27 21:52:21" uid="{CEB65F88-D9C7-4B12-90D5-7DCB68BCA02D}" userContext="0" removePolicy="0"><Properties firstFailure="RESTART" secondFailure="RESTART" resetFailCountDelay="0" restartServiceDelay="60000" startupType="AUTOMATIC" serviceName="DNS" serviceAction="START" timeout="30"/></NTService>
	<NTService clsid="{AB6F0B67-341F-4e51-92F9-005FBFBA1A43}" name="gpsvc" image="2" changed="2022-02-27 21:52:39" uid="{2A738604-B7A4-4062-B624-96054F823016}" userContext="0" removePolicy="0"><Properties firstFailure="RESTART" secondFailure="RESTART" resetFailCountDelay="0" restartServiceDelay="60000" startupType="AUTOMATIC" serviceName="gpsvc" serviceAction="START" timeout="30"/></NTService>
	<NTService clsid="{AB6F0B67-341F-4e51-92F9-005FBFBA1A43}" name="IsmServ" image="2" changed="2022-02-27 21:52:54" uid="{D3B17940-9E7F-438F-B746-C7B2FF612C2A}" userContext="0" removePolicy="0"><Properties firstFailure="RESTART" secondFailure="RESTART" resetFailCountDelay="0" restartServiceDelay="60000" startupType="AUTOMATIC" serviceName="IsmServ" serviceAction="START" timeout="30"/></NTService>
	<NTService clsid="{AB6F0B67-341F-4e51-92F9-005FBFBA1A43}" name="Kdc" image="2" changed="2022-02-27 21:53:11" uid="{EEFABDD9-7AC1-4D1A-A769-5085224487AB}" userContext="0" removePolicy="0"><Properties firstFailure="RESTART" secondFailure="RESTART" resetFailCountDelay="0" restartServiceDelay="60000" startupType="AUTOMATIC" serviceName="Kdc" serviceAction="START" timeout="30"/></NTService>
	<NTService clsid="{AB6F0B67-341F-4e51-92F9-005FBFBA1A43}" name="Netlogon" image="2" changed="2022-02-27 21:53:24" uid="{B8032623-9F3A-43D1-A002-A602AE65516D}" userContext="0" removePolicy="0"><Properties firstFailure="RESTART" secondFailure="RESTART" resetFailCountDelay="0" restartServiceDelay="60000" startupType="AUTOMATIC" serviceName="Netlogon" serviceAction="START" timeout="30"/></NTService>
</NTServices>
