<Backups xmlns="http://www.microsoft.com/GroupPolicy/GPOOperations/Manifest" xmlns:mfst="http://www.microsoft.com/GroupPolicy/GPOOperations/Manifest" mfst:version="1.0"><BackupInst><GPOGuid><![CDATA[{ECED699A-41C1-48A8-B0A5-9FD35A050A43}]]></GPOGuid><GPODomain><![CDATA[tokyo-3.nerv.local]]></GPODomain><GPODomainGuid><![CDATA[{d9634ff0-55b6-4c72-a354-3b15573f1988}]]></GPODomainGuid><GPODomainController><![CDATA[Melchior-01.tokyo-3.nerv.local]]></GPODomainController><BackupTime><![CDATA[2023-03-10T18:10:09]]></BackupTime><ID><![CDATA[{488E6884-4021-452C-804C-5360815BF5B2}]]></ID><Comment><![CDATA[Main conflip]]></Comment><GPODisplayName><![CDATA[cool gpo]]></GPODisplayName></BackupInst><BackupInst xmlns="http://www.microsoft.com/GroupPolicy/GPOOperations/Manifest"><GPOGuid><![CDATA[{EE75CFB6-48B0-498F-A55E-C78F41D3598B}]]></GPOGuid><GPODomain><![CDATA[test.local]]></GPODomain><GPODomainGuid><![CDATA[{d93efd2f-6126-46c1-ad0f-682a364323d5}]]></GPODomainGuid><GPODomainController><![CDATA[WIN-V8GVL8VF9SO.test.local]]></GPODomainController><BackupTime><![CDATA[2022-02-27T22:18:40]]></BackupTime><ID><![CDATA[{31C1486F-8944-41A9-870D-6F1FCA88B2CA}]]></ID><Comment><![CDATA[Windows Eventlog Service GPO]]></Comment><GPODisplayName><![CDATA[W-Eventlog]]></GPODisplayName></BackupInst><BackupInst xmlns="http://www.microsoft.com/GroupPolicy/GPOOperations/Manifest"><GPOGuid><![CDATA[{53991BF2-7983-4ABE-B672-8DEF5CD63DB1}]]></GPOGuid><GPODomain><![CDATA[test.local]]></GPODomain><GPODomainGuid><![CDATA[{d93efd2f-6126-46c1-ad0f-682a364323d5}]]></GPODomainGuid><GPODomainController><![CDATA[WIN-V8GVL8VF9SO.test.local]]></GPODomainController><BackupTime><![CDATA[2022-02-27T22:16:54]]></BackupTime><ID><![CDATA[{5648F51F-FEC6-4420-9EA0-2B0DF65E6F0E}]]></ID><Comment><![CDATA[Windows Firewall Service GPO]]></Comment><GPODisplayName><![CDATA[W-Firewall]]></GPODisplayName></BackupInst><BackupInst xmlns="http://www.microsoft.com/GroupPolicy/GPOOperations/Manifest"><GPOGuid><![CDATA[{3B9BDF6E-9A6B-4E0C-ABF2-4DB85A5FA3BF}]]></GPOGuid><GPODomain><![CDATA[test.local]]></GPODomain><GPODomainGuid><![CDATA[{d93efd2f-6126-46c1-ad0f-682a364323d5}]]></GPODomainGuid><GPODomainController><![CDATA[WIN-V8GVL8VF9SO.test.local]]></GPODomainController><BackupTime><![CDATA[2022-02-27T21:57:16]]></BackupTime><ID><![CDATA[{C73EFFC5-3CC2-4E9E-9829-81CA3F9E5420}]]></ID><Comment><![CDATA[AD DNS Services GPO]]></Comment><GPODisplayName><![CDATA[W-AD-DNS]]></GPODisplayName></BackupInst><BackupInst xmlns="http://www.microsoft.com/GroupPolicy/GPOOperations/Manifest"><GPOGuid><![CDATA[{8F20AB6A-5AB5-4D4E-9B42-A260C6E371C3}]]></GPOGuid><GPODomain><![CDATA[test.local]]></GPODomain><GPODomainGuid><![CDATA[{d93efd2f-6126-46c1-ad0f-682a364323d5}]]></GPODomainGuid><GPODomainController><![CDATA[WIN-V8GVL8VF9SO.test.local]]></GPODomainController><BackupTime><![CDATA[2022-02-27T21:46:52]]></BackupTime><ID><![CDATA[{71656D31-BAAA-4FAF-814A-A1E03B17C438}]]></ID><Comment><![CDATA[Windows GPO Refresh Intervals]]></Comment><GPODisplayName><![CDATA[W-GPO-Refresh]]></GPODisplayName></BackupInst><BackupInst xmlns="http://www.microsoft.com/GroupPolicy/GPOOperations/Manifest"><GPOGuid><![CDATA[{960256C8-83E0-482D-8B34-37B9274135FF}]]></GPOGuid><GPODomain><![CDATA[test.local]]></GPODomain><GPODomainGuid><![CDATA[{d93efd2f-6126-46c1-ad0f-682a364323d5}]]></GPODomainGuid><GPODomainController><![CDATA[WIN-V8GVL8VF9SO.test.local]]></GPODomainController><BackupTime><![CDATA[2022-02-27T21:40:12]]></BackupTime><ID><![CDATA[{27CF0215-BAAF-4FDC-9F6B-7587C953C8FA}]]></ID><Comment><![CDATA[General Components]]></Comment><GPODisplayName><![CDATA[W-General-Components]]></GPODisplayName></BackupInst><BackupInst xmlns="http://www.microsoft.com/GroupPolicy/GPOOperations/Manifest"><GPOGuid><![CDATA[{F403EDF0-78A8-4A8D-9FFC-8A0D65F9A35E}]]></GPOGuid><GPODomain><![CDATA[test.local]]></GPODomain><GPODomainGuid><![CDATA[{d93efd2f-6126-46c1-ad0f-682a364323d5}]]></GPODomainGuid><GPODomainController><![CDATA[WIN-V8GVL8VF9SO.test.local]]></GPODomainController><BackupTime><![CDATA[2022-02-27T19:50:37]]></BackupTime><ID><![CDATA[{101C18E4-CA12-495E-94C4-7012449750B2}]]></ID><Comment><![CDATA[General Security Settings]]></Comment><GPODisplayName><![CDATA[W-Security-Settings]]></GPODisplayName></BackupInst></Backups>