<BackupInst xmlns="http://www.microsoft.com/GroupPolicy/GPOOperations/Manifest"><GPOGuid><![CDATA[{960256C8-83E0-482D-8B34-37B9274135FF}]]></GPOGuid><GPODomain><![CDATA[test.local]]></GPODomain><GPODomainGuid><![CDATA[{d93efd2f-6126-46c1-ad0f-682a364323d5}]]></GPODomainGuid><GPODomainController><![CDATA[WIN-V8GVL8VF9SO.test.local]]></GPODomainController><BackupTime><![CDATA[2022-02-27T21:40:12]]></BackupTime><ID><![CDATA[{27CF0215-BAAF-4FDC-9F6B-7587C953C8FA}]]></ID><Comment><![CDATA[General Components]]></Comment><GPODisplayName><![CDATA[W-General-Components]]></GPODisplayName></BackupInst>
